title,url,thumbnail_url,channel,views,uploaded,description
Same vibe,https://www.youtube.com/watch?v=86bptfbUkc0,https://i.ytimg.com/vi/86bptfbUkc0/hqdefault.jpg?sqp=-oaymwFBCNACELwBSFryq4qpAzMIARUAAIhCGAHYAQHiAQoIGBACGAY4AUAB8AEB-AG2CIACgA-KAgwIABABGDkgZChyMA8=&rs=AOn4CLB8pjwwEMHH8JtZ0w0D5piSdumqAg,Tripplegreen,488K views,1 day ago,
PEELINGS (Malayalam Lyrical Video) | Pushpa 2 The Rule | Allu Arjun | Rashmika | Sukumar | DSP,https://www.youtube.com/watch?v=_VaOX6jRD3Y,https://i.ytimg.com/vi/_VaOX6jRD3Y/hqdefault.jpg?sqp=-oaymwEnCNACELwBSFryq4qpAxkIARUAAIhCGAHYAQHiAQoIGBACGAY4AUAB&rs=AOn4CLAKGFnXofX-wNm3ssZTYvChkF5wng,T-Series Malayalam,2.9M views,3 days ago,The Most Loved Jodi is Comingüî•! The Icon Star 'Allu Arjun' & the Amazing 'Rashmika Mandanna' is Ready to Set the Stage on fire with this New Banger! Pushpa 2 - The Rule - Written and Directed...
‡¥Ü‡¥®‡¥ø‡¥Ø‡µã‡¥ü‡µÅ‡¥≥‡µç‡¥≥ ‡¥¶‡µá‡¥∑‡µç‡¥Ø‡¥§‡µç‡¥§‡µÜ‡¥ï‡µç‡¥ï‡µÅ‡¥±‡¥ø‡¥ö‡µç‡¥ö‡µç ‡¥§‡µÅ‡¥±‡¥®‡µç‡¥®‡µç ‡¥™‡¥±‡¥û‡µç‡¥û‡µç ‡¥®‡¥ú‡µÄ‡¥Ç ‡¥Ö‡µº‡¥∑‡¥æ‡¥¶‡µç #najimarshad #singer #annie,https://www.youtube.com/watch?v=8f553mngccc,,Amrita TV Cookery Show,76K views,1 day ago,‡¥Ü‡¥®‡¥ø‡¥Ø‡µã‡¥ü‡µÅ‡¥≥‡µç‡¥≥ ‡¥¶‡µá‡¥∑‡µç‡¥Ø‡¥§‡µç‡¥§‡µÜ‡¥ï‡µç‡¥ï‡µÅ‡¥±‡¥ø‡¥ö‡µç‡¥ö‡µç ‡¥§‡µÅ‡¥±‡¥®‡µç‡¥®‡µç ‡¥™‡¥±‡¥û‡µç‡¥û‡µç ‡¥®‡¥ú‡µÄ‡¥Ç ‡¥Ö‡µº‡¥∑‡¥æ‡¥¶‡µç #AmritaTVCookeryShow #archives...
Extra Decent Official Trailer | Listin Stephen | Suraj Venjaramoodu | Aamir Pallikkal,https://www.youtube.com/watch?v=z_Mo697_bdI,,Magic Frames Music,783K views,2 days ago,"#listinstephen #surajvenjaramoodu #extradecent #malayalammove #officialtrailer #magicframes Presenting the official trailer of Extra Decent Movie, starring Suraj Venjaramoodu, directed..."
MALLORCA 1 vs 5 FC BARCELONA | LALIGA 2024/25 MD19,https://www.youtube.com/watch?v=iNpTB8MQNK4,,FC Barcelona,1.4M views,22 hours ago,"Hansi Flick's side win for the first time in four LaLiga matches, with goals by Raphinha (2), Ferran, Frenkie and Pau V√≠ctor. SUBSCRIBE NOW: ‚ñ∂ www.youtube.com/user/fcbarcelona üì± App:..."
"SUHANAKKU ANNIVERSARY SHOPPING SURAT, GUJARAT IL NINNU ü§©üõçÔ∏è | SAI DRESSES | Mashura | Basheer Bashi",https://www.youtube.com/watch?v=JsDNf9clljU,,Basheer Bashi,176K views,1 day ago,‚û°Ô∏è Call / WhatsApp us : +91 9898971089 / +91 9687561855 ‚û°Ô∏è Direct on WhatsApp : https://wa.link/eisj96 / https://wa.link/rxjo5g ‚è≠Ô∏è Sai Dresses YouTube Channel Link : https://www.youtub...
Pirisha Kadalin Peran | New Music Video | Sajeer Koppam | Shabnam Rafeeque | Sibu Sukumaran,https://www.youtube.com/watch?v=WlkWD0fawXc,,Sajeer Koppam Official,130K views,1 day ago,Lyrics : Faisal Ponnani Music : Sajeer Koppam Singers : Sajeer Koppam & Shabnam Rafeeque Programming Mix : Sibu Sukumaran Flute : Abhijith S Naranayanan Guitar : Athul T Piano : Siju k Puram...
‡¥û‡¥ô‡µç‡¥ô‡¥≥‡µÜ ‡¥é‡¥≤‡µç‡¥≤‡¥æ‡¥µ‡¥∞‡µÅ‡¥Ç ‡¥Ö‡¥®‡µÅ‡¥ó‡µç‡¥∞‡¥π‡¥ø‡¥ï‡µç‡¥ï‡¥£‡¥Çüôèüôè,https://www.youtube.com/watch?v=laLycPdjxlI,,Njangal Inganokkeya,852K views,3 days ago,#deepthiseethathode#njangalinganokkeya#villagelife#kerala#reallifevlog#love#dayinmylife#
Sundari - Best Scenes | Part - 2 | 01 Dec 2024 | Tamil Serial | Sun TV,https://www.youtube.com/watch?v=_m1mV_TADWU,,Sun TV,2.9M views,2 days ago,Watch the Best Scenes of popular Tamil Serial #Sundari that airs on Sun TV. Watch all Sun TV serials immediately after the TV telecast on Sun NXT app. *Free for Indian Users only Download...
‡¥ú‡¥ø‡¥Æ‡¥ø‡¥ï‡µç‡¥ï‡¥ø ‡¥é‡¥®‡¥ø‡¥ï‡µç‡¥ï‡µç ‡¥µ‡µÄ‡¥ï‡µç‡¥®‡µÜ‡¥∏‡µç‡¥∏‡µç | Super Star|Amrita TV,https://www.youtube.com/watch?v=xtXrcMHorh0,,Amrita TV Shows,280K views,1 day ago,#superstar #amritatv #Musicrealityshow #newrealityshow2024 ‡¥ú‡¥ø‡¥Æ‡¥ø‡¥ï‡µç‡¥ï‡¥ø ‡¥é‡¥®‡¥ø‡¥ï‡µç‡¥ï‡µç ‡¥µ‡µÄ‡¥ï‡µç‡¥®‡µÜ‡¥∏‡µç‡¥∏‡µç Super Star | Monday to Thursday @ 8pm | Amrita...
